name,phone,add,parent
aqxxv,79164,t,93925
tnhmkf,52025,kce,72986
iudig,32411,sxlxeg,42980
upw,36394,bpvdy,1358
g,93444,ktqs,92038
fcibgcwsx,60934,wdhe,84666
zyipxuea,88014,wtxof,72454
uslxdyc,86872,khfulocvw,62081
eqyazxx,34079,oczx,23506
rah,20422,hh,97084
oqnt,19796,o,76028
sur,33638,wuv,56148
u,97769,uuly,26248
vsjx,15243,cls,106
ydq,67146,r,28122
xm,79302,gpwzhipbro,97938
xuiabunn,97621,hjbu,72598
ghufjrdiq,74069,wwkp,23562
i,14350,oll,40729
amrmju,55887,gnpwzktw,85808
ptnyc,14623,klvciijp,9192
cdugkwwke,42407,xxrfuqek,10038
ew,83866,wlgu,33576
yhkqdbiwgv,82989,xhmfnfdm,28637
spedu,88815,nmfzvcki,47799
lww,3851,gtfswhzu,69241
ip,34449,ijx,36727
ktjobehxmm,42385,py,39162
jdqxbrqkl,87801,emzx,96746
alacidf,71049,nzrgcsc,56238
kbmxksgpt,54930,pibnmykoi,2301
yfw,42865,xerjizhf,318
hlxnfpmbcj,81047,jonciieg,12841
htcaxf,3099,atqjhsfdj,26458
ezjljkpaun,38469,jx,27554
b,64228,xukcqlzok,15397
gkeomdk,74719,grsrancii,6406
wac,19429,wr,27128
wap,27804,uyyuqrevzz,2479
lbgzubcf,42892,ernyad,30246
dfyrqzkf,47531,tmu,42985
wtb,29156,wjxmtdzdx,79948
mpn,96866,pzseigjj,60209
mlvwl,58754,mkoadtou,56812
akbmesam,66781,st,89338
tmhjjnmutq,89270,tjq,75929
quuc,71845,dv,63081
x,51067,h,14417
znouqmus,71779,e,93670
ezrpbftiz,17012,hoj,12151
kidnkg,41309,hrwycwg,35204
amzj,18696,zk,78284
cckjllzdwg,13548,lof,65199
xo,27774,qiqacozv,49188
gsptn,12549,lkf,33755
eaqc,38262,pouizksa,13885
ybk,32316,weqvryne,78862
enfr,75773,fad,98982
pmv,19558,zcx,60291
lxnvmkw,62702,uic,86276
ousawk,28458,z,29609
ghqybf,37481,flp,13021
iafwwgcdsh,82143,vfhibhg,350
rb,24838,ar,97599
ngxww,35217,ip,11305
hl,9365,ggzwbn,60177
d,80875,zfuqkl,88422
vqxtj,29871,rgshfbtpm,49925
ohowpesxtb,39976,z,67888
fwcwjsp,97215,dhdlypgtly,15602
dwviyg,76330,ql,27723
g,51832,znbhclfn,11917
jrajde,19965,mvblxwyl,50168
mb,97620,zyvgdhgo,79376
hyu,96191,rsxzkqwgx,99280
vhhofy,94196,vwqfymptr,24714
gjbrr,39820,u,98947
t,57240,pd,71835
tolsbi,72980,nrqggzdzt,87507
qvhdfj,99273,kqjevcmw,6437
b,4483,cpp,98760
tgr,55918,pwvyvqhkdx,23152
c,56845,jxxvtjbeq,37099
sq,68959,bzqqdjxgp,88087
oeap,9779,u,63178
jq,60244,npajzd,49846
prqta,63619,wkpkvcrd,61886
pbjrjgesai,59187,hnuqopzw,44352
qcttoprkzc,8124,wtwohmt,69501
afr,24346,giqtu,61852
tiprapx,74295,dyspflhnd,23503
lk,27679,lsfwg,26655
el,36745,vwqf,20498
lvaqtnrjas,44505,qysbbly,81137
mkk,64971,umso,80445
nj,71284,gl,96595
mxmoxx,19402,gxk,74468
bcqtzycm,97512,iytddmnrx,51203
caljntfuk,85126,st,69517
mkvjrkzz,91950,rel,31457
